Tick,Human,Social,Manufactured,Financial,Arable.suit,Igrass.suit,SNGrass.suit,Bioenergy.suit,AgroForestry.suit,NNConifer.suit,NConifer.suit,NNBroadleaf.suit,NBroadleaf.suit,Tree.suit
2020,0.653368390603611,0.620060801910246,0.352119179578519,0.6333705754309,0.320823534222248,0.269390654443048,0.210401174340489,0.552427709281568,0.43838399491487,0.681751352690625,0.582810833973083,0.341563463544821,0.439532603562329,0.551077543358685
