Tick,Human,Social,Manufactured,Financial,Arable.suit,Igrass.suit,SNGrass.suit,Bioenergy.suit,AgroForestry.suit,NNConifer.suit,NConifer.suit,NNBroadleaf.suit,NBroadleaf.suit,Tree.suit
2020,0.863480060968548,0.885440788516179,0.343279306694517,0.812334899719262,0.320823534222248,0.269390654443048,0.210401174340489,0.552427709281568,0.43838399491487,0.681751352690625,0.582810833973083,0.341563463544821,0.439532603562329,0.551077543358685
