Tick,Human,Social,Manufactured,Financial,Arable.suit,Igrass.suit,SNGrass.suit,Bioenergy.suit,AgroForestry.suit,NNConifer.suit,NConifer.suit,NNBroadleaf.suit,NBroadleaf.suit,Tree.suit
2020,0.877795017952294,0.910057214921504,0.343184968213875,0.787438788389593,0.320823680363884,0.269400007056627,0.210403164861781,0.552436432652464,0.438384089598076,0.681744227728532,0.58281534688138,0.341562667651365,0.439534230547536,0.551078773404772
